[{"width": 800, "url": null, "height": 539, "image_id": 1, "coco_id": null, "flickr_id": null}, {"width": 800, "url": null, "height": 539, "image_id": 2, "coco_id": null, "flickr_id": null}, {"width": 800, "url": null, "height": 539, "image_id": 3, "coco_id": null, "flickr_id": null}, {"width": 800, "url": null, "height": 539, "image_id": 4, "coco_id": null, "flickr_id": null}, {"width": 800, "url": null, "height": 539, "image_id": 5, "coco_id": null, "flickr_id": null}, {"width": 800, "url": null, "height": 539, "image_id": 6, "coco_id": null, "flickr_id": null}, {"width": 800, "url": null, "height": 539, "image_id": 7, "coco_id": null, "flickr_id": null}, {"width": 800, "url": null, "height": 539, "image_id": 8, "coco_id": null, "flickr_id": null}, {"width": 800, "url": null, "height": 539, "image_id": 9, "coco_id": null, "flickr_id": null}, {"width": 800, "url": null, "height": 539, "image_id": 10, "coco_id": null, "flickr_id": null}, {"width": 800, "url": null, "height": 539, "image_id": 11, "coco_id": null, "flickr_id": null}, {"width": 800, "url": null, "height": 539, "image_id": 12, "coco_id": null, "flickr_id": null}, {"width": 800, "url": null, "height": 539, "image_id": 13, "coco_id": null, "flickr_id": null}, {"width": 800, "url": null, "height": 539, "image_id": 14, "coco_id": null, "flickr_id": null}, {"width": 800, "url": null, "height": 539, "image_id": 15, "coco_id": null, "flickr_id": null}, {"width": 800, "url": null, "height": 539, "image_id": 16, "coco_id": null, "flickr_id": null}, {"width": 800, "url": null, "height": 539, "image_id": 17, "coco_id": null, "flickr_id": null}, {"width": 800, "url": null, "height": 539, "image_id": 18, "coco_id": null, "flickr_id": null}, {"width": 800, "url": null, "height": 539, "image_id": 19, "coco_id": null, "flickr_id": null}, {"width": 800, "url": null, "height": 539, "image_id": 20, "coco_id": null, "flickr_id": null}]