[{"image_id": 1, "objects": [{"synsets": ["LABMINERALFIELD750.n.01"], "h": 64, "w": 64, "x": 414, "y": 54, "object_id": 1, "merged_object_ids": [], "names": ["LABMINERALFIELD750"], "name": "LABMINERALFIELD750"}, {"synsets": ["LABMINERALFIELD750.n.01"], "h": 64, "w": 64, "x": 214, "y": 122, "object_id": 2, "merged_object_ids": [], "names": ["LABMINERALFIELD750"], "name": "LABMINERALFIELD750"}, {"synsets": ["SCV.n.01"], "h": 28, "w": 28, "x": 441, "y": 114, "object_id": 3, "merged_object_ids": [], "names": ["SCV"], "name": "SCV"}, {"synsets": ["SCV.n.01"], "h": 28, "w": 28, "x": 284, "y": 136, "object_id": 4, "merged_object_ids": [], "names": ["SCV"], "name": "SCV"}, {"synsets": ["LABMINERALFIELD750.n.01"], "h": 64, "w": 64, "x": 248, "y": 99, "object_id": 5, "merged_object_ids": [], "names": ["LABMINERALFIELD750"], "name": "LABMINERALFIELD750"}, {"synsets": ["SCV.n.01"], "h": 28, "w": 28, "x": 357, "y": 172, "object_id": 6, "merged_object_ids": [], "names": ["SCV"], "name": "SCV"}, {"synsets": ["LABMINERALFIELD.n.01"], "h": 64, "w": 64, "x": 348, "y": 77, "object_id": 7, "merged_object_ids": [], "names": ["LABMINERALFIELD"], "name": "LABMINERALFIELD"}, {"synsets": ["SCV.n.01"], "h": 28, "w": 28, "x": 419, "y": 91, "object_id": 8, "merged_object_ids": [], "names": ["SCV"], "name": "SCV"}, {"synsets": ["SCV.n.01"], "h": 28, "w": 28, "x": 266, "y": 203, "object_id": 9, "merged_object_ids": [], "names": ["SCV"], "name": "SCV"}, {"synsets": ["SCV.n.01"], "h": 28, "w": 28, "x": 362, "y": 141, "object_id": 10, "merged_object_ids": [], "names": ["SCV"], "name": "SCV"}, {"synsets": ["SCV.n.01"], "h": 28, "w": 28, "x": 329, "y": 237, "object_id": 11, "merged_object_ids": [], "names": ["SCV"], "name": "SCV"}, {"synsets": ["LABMINERALFIELD750.n.01"], "h": 64, "w": 64, "x": 181, "y": 189, "object_id": 12, "merged_object_ids": [], "names": ["LABMINERALFIELD750"], "name": "LABMINERALFIELD750"}, {"synsets": ["SCV.n.01"], "h": 28, "w": 28, "x": 243, "y": 209, "object_id": 13, "merged_object_ids": [], "names": ["SCV"], "name": "SCV"}, {"synsets": ["SCV.n.01"], "h": 28, "w": 28, "x": 261, "y": 165, "object_id": 14, "merged_object_ids": [], "names": ["SCV"], "name": "SCV"}, {"synsets": ["SPACEPLATFORMGEYSER.n.01"], "h": 82, "w": 82, "x": 189, "y": 270, "object_id": 15, "merged_object_ids": [], "names": ["SPACEPLATFORMGEYSER"], "name": "SPACEPLATFORMGEYSER"}, {"synsets": ["COMMANDCENTER.n.01"], "h": 142, "w": 142, "x": 392, "y": 172, "object_id": 16, "merged_object_ids": [], "names": ["COMMANDCENTER"], "name": "COMMANDCENTER"}, {"synsets": ["LABMINERALFIELD.n.01"], "h": 64, "w": 64, "x": 448, "y": 77, "object_id": 17, "merged_object_ids": [], "names": ["LABMINERALFIELD"], "name": "LABMINERALFIELD"}, {"synsets": ["LABMINERALFIELD.n.01"], "h": 64, "w": 64, "x": 214, "y": 167, "object_id": 18, "merged_object_ids": [], "names": ["LABMINERALFIELD"], "name": "LABMINERALFIELD"}, {"synsets": ["SCV.n.01"], "h": 28, "w": 28, "x": 453, "y": 124, "object_id": 19, "merged_object_ids": [], "names": ["SCV"], "name": "SCV"}, {"synsets": ["SPACEPLATFORMGEYSER.n.01"], "h": 82, "w": 82, "x": 555, "y": 45, "object_id": 20, "merged_object_ids": [], "names": ["SPACEPLATFORMGEYSER"], "name": "SPACEPLATFORMGEYSER"}, {"synsets": ["LABMINERALFIELD.n.01"], "h": 64, "w": 64, "x": 214, "y": 211, "object_id": 21, "merged_object_ids": [], "names": ["LABMINERALFIELD"], "name": "LABMINERALFIELD"}, {"synsets": ["SCV.n.01"], "h": 28, "w": 28, "x": 278, "y": 137, "object_id": 22, "merged_object_ids": [], "names": ["SCV"], "name": "SCV"}, {"synsets": ["SCV.n.01"], "h": 28, "w": 28, "x": 411, "y": 106, "object_id": 23, "merged_object_ids": [], "names": ["SCV"], "name": "SCV"}], "image_url": null}, {"image_id": 2, "objects": [{"synsets": ["SCV.n.01"], "h": 28, "w": 28, "x": 276, "y": -52, "object_id": 24, "merged_object_ids": [], "names": ["SCV"], "name": "SCV"}, {"synsets": ["LABMINERALFIELD.n.01"], "h": 64, "w": 64, "x": 214, "y": -41, "object_id": 25, "merged_object_ids": [], "names": ["LABMINERALFIELD"], "name": "LABMINERALFIELD"}, {"synsets": ["SCV.n.01"], "h": 28, "w": 28, "x": 420, "y": 283, "object_id": 26, "merged_object_ids": [], "names": ["SCV"], "name": "SCV"}, {"synsets": ["SCV.n.01"], "h": 28, "w": 28, "x": 315, "y": 7, "object_id": 27, "merged_object_ids": [], "names": ["SCV"], "name": "SCV"}, {"synsets": ["SCV.n.01"], "h": 28, "w": 28, "x": 277, "y": -18, "object_id": 28, "merged_object_ids": [], "names": ["SCV"], "name": "SCV"}, {"synsets": ["LABMINERALFIELD750.n.01"], "h": 64, "w": 64, "x": 414, "y": -153, "object_id": 29, "merged_object_ids": [], "names": ["LABMINERALFIELD750"], "name": "LABMINERALFIELD750"}, {"synsets": ["LABMINERALFIELD750.n.01"], "h": 64, "w": 64, "x": 214, "y": -86, "object_id": 30, "merged_object_ids": [], "names": ["LABMINERALFIELD750"], "name": "LABMINERALFIELD750"}, {"synsets": ["LABMINERALFIELD750.n.01"], "h": 64, "w": 64, "x": 181, "y": -18, "object_id": 31, "merged_object_ids": [], "names": ["LABMINERALFIELD750"], "name": "LABMINERALFIELD750"}, {"synsets": ["COMMANDCENTER.n.01"], "h": 142, "w": 142, "x": 392, "y": -35, "object_id": 32, "merged_object_ids": [], "names": ["COMMANDCENTER"], "name": "COMMANDCENTER"}, {"synsets": ["SCV.n.01"], "h": 28, "w": 28, "x": 304, "y": -4, "object_id": 33, "merged_object_ids": [], "names": ["SCV"], "name": "SCV"}, {"synsets": ["SCV.n.01"], "h": 28, "w": 28, "x": 244, "y": 1, "object_id": 34, "merged_object_ids": [], "names": ["SCV"], "name": "SCV"}, {"synsets": ["LABMINERALFIELD.n.01"], "h": 64, "w": 64, "x": 214, "y": 3, "object_id": 35, "merged_object_ids": [], "names": ["LABMINERALFIELD"], "name": "LABMINERALFIELD"}, {"synsets": ["LABMINERALFIELD750.n.01"], "h": 64, "w": 64, "x": 248, "y": -108, "object_id": 36, "merged_object_ids": [], "names": ["LABMINERALFIELD750"], "name": "LABMINERALFIELD750"}, {"synsets": ["SCV.n.01"], "h": 28, "w": 28, "x": 276, "y": 12, "object_id": 37, "merged_object_ids": [], "names": ["SCV"], "name": "SCV"}, {"synsets": ["SPACEPLATFORMGEYSER.n.01"], "h": 82, "w": 82, "x": 189, "y": 61, "object_id": 38, "merged_object_ids": [], "names": ["SPACEPLATFORMGEYSER"], "name": "SPACEPLATFORMGEYSER"}], "image_url": null}, {"image_id": 3, "objects": [{"synsets": ["UNBUILDABLEPLATESDESTRUCTIBLE.n.01"], "h": 64, "w": 64, "x": 223, "y": 332, "object_id": 39, "merged_object_ids": [], "names": ["UNBUILDABLEPLATESDESTRUCTIBLE"], "name": "UNBUILDABLEPLATESDESTRUCTIBLE"}, {"synsets": ["SUPPLYDEPOT.n.01"], "h": 70, "w": 70, "x": 386, "y": 217, "object_id": 40, "merged_object_ids": [], "names": ["SUPPLYDEPOT"], "name": "SUPPLYDEPOT"}, {"synsets": ["LABMINERALFIELD750.n.01"], "h": 64, "w": 64, "x": 123, "y": -127, "object_id": 41, "merged_object_ids": [], "names": ["LABMINERALFIELD750"], "name": "LABMINERALFIELD750"}, {"synsets": ["LABMINERALFIELD750.n.01"], "h": 64, "w": 64, "x": 156, "y": -195, "object_id": 42, "merged_object_ids": [], "names": ["LABMINERALFIELD750"], "name": "LABMINERALFIELD750"}, {"synsets": ["LABMINERALFIELD750.n.01"], "h": 64, "w": 64, "x": 356, "y": -262, "object_id": 43, "merged_object_ids": [], "names": ["LABMINERALFIELD750"], "name": "LABMINERALFIELD750"}, {"synsets": ["SPACEPLATFORMGEYSER.n.01"], "h": 82, "w": 82, "x": 130, "y": -47, "object_id": 44, "merged_object_ids": [], "names": ["SPACEPLATFORMGEYSER"], "name": "SPACEPLATFORMGEYSER"}, {"synsets": ["SCV.n.01"], "h": 28, "w": 28, "x": 398, "y": 236, "object_id": 45, "merged_object_ids": [], "names": ["SCV"], "name": "SCV"}, {"synsets": ["COMMANDCENTER.n.01"], "h": 142, "w": 142, "x": 334, "y": -144, "object_id": 46, "merged_object_ids": [], "names": ["COMMANDCENTER"], "name": "COMMANDCENTER"}], "image_url": null}, {"image_id": 4, "objects": [{"synsets": ["LABMINERALFIELD.n.01"], "h": 64, "w": 64, "x": 389, "y": 49, "object_id": 47, "merged_object_ids": [], "names": ["LABMINERALFIELD"], "name": "LABMINERALFIELD"}, {"synsets": ["SCV.n.01"], "h": 28, "w": 28, "x": 303, "y": 86, "object_id": 48, "merged_object_ids": [], "names": ["SCV"], "name": "SCV"}, {"synsets": ["SCV.n.01"], "h": 28, "w": 28, "x": 222, "y": 166, "object_id": 49, "merged_object_ids": [], "names": ["SCV"], "name": "SCV"}, {"synsets": ["LABMINERALFIELD750.n.01"], "h": 64, "w": 64, "x": 189, "y": 71, "object_id": 50, "merged_object_ids": [], "names": ["LABMINERALFIELD750"], "name": "LABMINERALFIELD750"}, {"synsets": ["SCV.n.01"], "h": 28, "w": 28, "x": 219, "y": 201, "object_id": 51, "merged_object_ids": [], "names": ["SCV"], "name": "SCV"}, {"synsets": ["SCV.n.01"], "h": 28, "w": 28, "x": 262, "y": 148, "object_id": 52, "merged_object_ids": [], "names": ["SCV"], "name": "SCV"}, {"synsets": ["SCV.n.01"], "h": 28, "w": 28, "x": 402, "y": 108, "object_id": 53, "merged_object_ids": [], "names": ["SCV"], "name": "SCV"}, {"synsets": ["COMMANDCENTER.n.01"], "h": 142, "w": 142, "x": 334, "y": 144, "object_id": 54, "merged_object_ids": [], "names": ["COMMANDCENTER"], "name": "COMMANDCENTER"}, {"synsets": ["LABMINERALFIELD750.n.01"], "h": 64, "w": 64, "x": 156, "y": 94, "object_id": 55, "merged_object_ids": [], "names": ["LABMINERALFIELD750"], "name": "LABMINERALFIELD750"}, {"synsets": ["LABMINERALFIELD750.n.01"], "h": 64, "w": 64, "x": 356, "y": 26, "object_id": 56, "merged_object_ids": [], "names": ["LABMINERALFIELD750"], "name": "LABMINERALFIELD750"}, {"synsets": ["LABMINERALFIELD.n.01"], "h": 64, "w": 64, "x": 156, "y": 183, "object_id": 57, "merged_object_ids": [], "names": ["LABMINERALFIELD"], "name": "LABMINERALFIELD"}, {"synsets": ["SPACEPLATFORMGEYSER.n.01"], "h": 82, "w": 82, "x": 497, "y": 17, "object_id": 58, "merged_object_ids": [], "names": ["SPACEPLATFORMGEYSER"], "name": "SPACEPLATFORMGEYSER"}, {"synsets": ["SPACEPLATFORMGEYSER.n.01"], "h": 82, "w": 82, "x": 130, "y": 242, "object_id": 59, "merged_object_ids": [], "names": ["SPACEPLATFORMGEYSER"], "name": "SPACEPLATFORMGEYSER"}, {"synsets": ["SCV.n.01"], "h": 28, "w": 28, "x": 349, "y": 134, "object_id": 60, "merged_object_ids": [], "names": ["SCV"], "name": "SCV"}, {"synsets": ["LABMINERALFIELD750.n.01"], "h": 64, "w": 64, "x": 123, "y": 161, "object_id": 61, "merged_object_ids": [], "names": ["LABMINERALFIELD750"], "name": "LABMINERALFIELD750"}, {"synsets": ["SCV.n.01"], "h": 28, "w": 28, "x": 239, "y": 109, "object_id": 62, "merged_object_ids": [], "names": ["SCV"], "name": "SCV"}, {"synsets": ["SCV.n.01"], "h": 28, "w": 28, "x": 361, "y": 63, "object_id": 63, "merged_object_ids": [], "names": ["SCV"], "name": "SCV"}, {"synsets": ["SCV.n.01"], "h": 28, "w": 28, "x": 228, "y": 168, "object_id": 64, "merged_object_ids": [], "names": ["SCV"], "name": "SCV"}, {"synsets": ["LABMINERALFIELD.n.01"], "h": 64, "w": 64, "x": 156, "y": 138, "object_id": 65, "merged_object_ids": [], "names": ["LABMINERALFIELD"], "name": "LABMINERALFIELD"}, {"synsets": ["SCV.n.01"], "h": 28, "w": 28, "x": 405, "y": 86, "object_id": 66, "merged_object_ids": [], "names": ["SCV"], "name": "SCV"}, {"synsets": ["SCV.n.01"], "h": 28, "w": 28, "x": 229, "y": 201, "object_id": 67, "merged_object_ids": [], "names": ["SCV"], "name": "SCV"}, {"synsets": ["LABMINERALFIELD.n.01"], "h": 64, "w": 64, "x": 289, "y": 49, "object_id": 68, "merged_object_ids": [], "names": ["LABMINERALFIELD"], "name": "LABMINERALFIELD"}, {"synsets": ["SCV.n.01"], "h": 28, "w": 28, "x": 186, "y": 182, "object_id": 69, "merged_object_ids": [], "names": ["SCV"], "name": "SCV"}], "image_url": null}, {"image_id": 5, "objects": [{"synsets": ["SCV.n.01"], "h": 28, "w": 28, "x": 263, "y": 175, "object_id": 70, "merged_object_ids": [], "names": ["SCV"], "name": "SCV"}, {"synsets": ["SCV.n.01"], "h": 28, "w": 28, "x": 317, "y": 86, "object_id": 71, "merged_object_ids": [], "names": ["SCV"], "name": "SCV"}, {"synsets": ["LABMINERALFIELD.n.01"], "h": 64, "w": 64, "x": 389, "y": 49, "object_id": 72, "merged_object_ids": [], "names": ["LABMINERALFIELD"], "name": "LABMINERALFIELD"}, {"synsets": ["LABMINERALFIELD.n.01"], "h": 64, "w": 64, "x": 156, "y": 138, "object_id": 73, "merged_object_ids": [], "names": ["LABMINERALFIELD"], "name": "LABMINERALFIELD"}, {"synsets": ["LABMINERALFIELD750.n.01"], "h": 64, "w": 64, "x": 189, "y": 71, "object_id": 74, "merged_object_ids": [], "names": ["LABMINERALFIELD750"], "name": "LABMINERALFIELD750"}, {"synsets": ["LABMINERALFIELD.n.01"], "h": 64, "w": 64, "x": 156, "y": 183, "object_id": 75, "merged_object_ids": [], "names": ["LABMINERALFIELD"], "name": "LABMINERALFIELD"}, {"synsets": ["SPACEPLATFORMGEYSER.n.01"], "h": 82, "w": 82, "x": 497, "y": 17, "object_id": 76, "merged_object_ids": [], "names": ["SPACEPLATFORMGEYSER"], "name": "SPACEPLATFORMGEYSER"}, {"synsets": ["LABMINERALFIELD750.n.01"], "h": 64, "w": 64, "x": 156, "y": 94, "object_id": 77, "merged_object_ids": [], "names": ["LABMINERALFIELD750"], "name": "LABMINERALFIELD750"}, {"synsets": ["SCV.n.01"], "h": 28, "w": 28, "x": 219, "y": 201, "object_id": 78, "merged_object_ids": [], "names": ["SCV"], "name": "SCV"}, {"synsets": ["SCV.n.01"], "h": 28, "w": 28, "x": 215, "y": 129, "object_id": 79, "merged_object_ids": [], "names": ["SCV"], "name": "SCV"}, {"synsets": ["LABMINERALFIELD750.n.01"], "h": 64, "w": 64, "x": 356, "y": 26, "object_id": 80, "merged_object_ids": [], "names": ["LABMINERALFIELD750"], "name": "LABMINERALFIELD750"}, {"synsets": ["SCV.n.01"], "h": 28, "w": 28, "x": 186, "y": 182, "object_id": 81, "merged_object_ids": [], "names": ["SCV"], "name": "SCV"}, {"synsets": ["SCV.n.01"], "h": 28, "w": 28, "x": 405, "y": 86, "object_id": 82, "merged_object_ids": [], "names": ["SCV"], "name": "SCV"}, {"synsets": ["SPACEPLATFORMGEYSER.n.01"], "h": 82, "w": 82, "x": 130, "y": 242, "object_id": 83, "merged_object_ids": [], "names": ["SPACEPLATFORMGEYSER"], "name": "SPACEPLATFORMGEYSER"}, {"synsets": ["SCV.n.01"], "h": 28, "w": 28, "x": 219, "y": 166, "object_id": 84, "merged_object_ids": [], "names": ["SCV"], "name": "SCV"}, {"synsets": ["SCV.n.01"], "h": 28, "w": 28, "x": 239, "y": 109, "object_id": 85, "merged_object_ids": [], "names": ["SCV"], "name": "SCV"}, {"synsets": ["SCV.n.01"], "h": 28, "w": 28, "x": 334, "y": 110, "object_id": 86, "merged_object_ids": [], "names": ["SCV"], "name": "SCV"}, {"synsets": ["SCV.n.01"], "h": 28, "w": 28, "x": 361, "y": 64, "object_id": 87, "merged_object_ids": [], "names": ["SCV"], "name": "SCV"}, {"synsets": ["LABMINERALFIELD.n.01"], "h": 64, "w": 64, "x": 289, "y": 49, "object_id": 88, "merged_object_ids": [], "names": ["LABMINERALFIELD"], "name": "LABMINERALFIELD"}, {"synsets": ["COMMANDCENTER.n.01"], "h": 142, "w": 142, "x": 334, "y": 144, "object_id": 89, "merged_object_ids": [], "names": ["COMMANDCENTER"], "name": "COMMANDCENTER"}, {"synsets": ["SCV.n.01"], "h": 28, "w": 28, "x": 400, "y": 123, "object_id": 90, "merged_object_ids": [], "names": ["SCV"], "name": "SCV"}, {"synsets": ["LABMINERALFIELD750.n.01"], "h": 64, "w": 64, "x": 123, "y": 161, "object_id": 91, "merged_object_ids": [], "names": ["LABMINERALFIELD750"], "name": "LABMINERALFIELD750"}, {"synsets": ["SCV.n.01"], "h": 28, "w": 28, "x": 261, "y": 201, "object_id": 92, "merged_object_ids": [], "names": ["SCV"], "name": "SCV"}], "image_url": null}, {"image_id": 6, "objects": [{"synsets": ["SPACEPLATFORMGEYSER.n.01"], "h": 82, "w": 82, "x": 497, "y": 17, "object_id": 93, "merged_object_ids": [], "names": ["SPACEPLATFORMGEYSER"], "name": "SPACEPLATFORMGEYSER"}, {"synsets": ["SCV.n.01"], "h": 28, "w": 28, "x": 290, "y": 201, "object_id": 94, "merged_object_ids": [], "names": ["SCV"], "name": "SCV"}, {"synsets": ["LABMINERALFIELD750.n.01"], "h": 64, "w": 64, "x": 123, "y": 161, "object_id": 95, "merged_object_ids": [], "names": ["LABMINERALFIELD750"], "name": "LABMINERALFIELD750"}, {"synsets": ["SCV.n.01"], "h": 28, "w": 28, "x": 186, "y": 182, "object_id": 96, "merged_object_ids": [], "names": ["SCV"], "name": "SCV"}, {"synsets": ["SCV.n.01"], "h": 28, "w": 28, "x": 321, "y": 89, "object_id": 97, "merged_object_ids": [], "names": ["SCV"], "name": "SCV"}, {"synsets": ["LABMINERALFIELD.n.01"], "h": 64, "w": 64, "x": 289, "y": 49, "object_id": 98, "merged_object_ids": [], "names": ["LABMINERALFIELD"], "name": "LABMINERALFIELD"}, {"synsets": ["SPACEPLATFORMGEYSER.n.01"], "h": 82, "w": 82, "x": 130, "y": 242, "object_id": 99, "merged_object_ids": [], "names": ["SPACEPLATFORMGEYSER"], "name": "SPACEPLATFORMGEYSER"}, {"synsets": ["COMMANDCENTER.n.01"], "h": 142, "w": 142, "x": 334, "y": 144, "object_id": 100, "merged_object_ids": [], "names": ["COMMANDCENTER"], "name": "COMMANDCENTER"}, {"synsets": ["LABMINERALFIELD.n.01"], "h": 64, "w": 64, "x": 156, "y": 183, "object_id": 101, "merged_object_ids": [], "names": ["LABMINERALFIELD"], "name": "LABMINERALFIELD"}, {"synsets": ["SCV.n.01"], "h": 28, "w": 28, "x": 290, "y": 181, "object_id": 102, "merged_object_ids": [], "names": ["SCV"], "name": "SCV"}, {"synsets": ["LABMINERALFIELD750.n.01"], "h": 64, "w": 64, "x": 156, "y": 94, "object_id": 103, "merged_object_ids": [], "names": ["LABMINERALFIELD750"], "name": "LABMINERALFIELD750"}, {"synsets": ["SCV.n.01"], "h": 28, "w": 28, "x": 321, "y": 89, "object_id": 104, "merged_object_ids": [], "names": ["SCV"], "name": "SCV"}, {"synsets": ["SCV.n.01"], "h": 28, "w": 28, "x": 405, "y": 86, "object_id": 105, "merged_object_ids": [], "names": ["SCV"], "name": "SCV"}, {"synsets": ["LABMINERALFIELD.n.01"], "h": 64, "w": 64, "x": 156, "y": 138, "object_id": 106, "merged_object_ids": [], "names": ["LABMINERALFIELD"], "name": "LABMINERALFIELD"}, {"synsets": ["SCV.n.01"], "h": 28, "w": 28, "x": 216, "y": 129, "object_id": 107, "merged_object_ids": [], "names": ["SCV"], "name": "SCV"}, {"synsets": ["SCV.n.01"], "h": 28, "w": 28, "x": 361, "y": 64, "object_id": 108, "merged_object_ids": [], "names": ["SCV"], "name": "SCV"}, {"synsets": ["SCV.n.01"], "h": 28, "w": 28, "x": 219, "y": 201, "object_id": 109, "merged_object_ids": [], "names": ["SCV"], "name": "SCV"}, {"synsets": ["LABMINERALFIELD.n.01"], "h": 64, "w": 64, "x": 389, "y": 49, "object_id": 110, "merged_object_ids": [], "names": ["LABMINERALFIELD"], "name": "LABMINERALFIELD"}, {"synsets": ["LABMINERALFIELD750.n.01"], "h": 64, "w": 64, "x": 356, "y": 26, "object_id": 111, "merged_object_ids": [], "names": ["LABMINERALFIELD750"], "name": "LABMINERALFIELD750"}, {"synsets": ["SCV.n.01"], "h": 28, "w": 28, "x": 219, "y": 166, "object_id": 112, "merged_object_ids": [], "names": ["SCV"], "name": "SCV"}, {"synsets": ["SCV.n.01"], "h": 28, "w": 28, "x": 276, "y": 131, "object_id": 113, "merged_object_ids": [], "names": ["SCV"], "name": "SCV"}, {"synsets": ["SCV.n.01"], "h": 28, "w": 28, "x": 399, "y": 133, "object_id": 114, "merged_object_ids": [], "names": ["SCV"], "name": "SCV"}, {"synsets": ["LABMINERALFIELD750.n.01"], "h": 64, "w": 64, "x": 189, "y": 71, "object_id": 115, "merged_object_ids": [], "names": ["LABMINERALFIELD750"], "name": "LABMINERALFIELD750"}], "image_url": null}, {"image_id": 7, "objects": [{"synsets": ["SCV.n.01"], "h": 28, "w": 28, "x": 399, "y": 131, "object_id": 116, "merged_object_ids": [], "names": ["SCV"], "name": "SCV"}, {"synsets": ["SCV.n.01"], "h": 28, "w": 28, "x": 405, "y": 86, "object_id": 117, "merged_object_ids": [], "names": ["SCV"], "name": "SCV"}, {"synsets": ["SCV.n.01"], "h": 28, "w": 28, "x": 202, "y": 261, "object_id": 118, "merged_object_ids": [], "names": ["SCV"], "name": "SCV"}, {"synsets": ["SCV.n.01"], "h": 28, "w": 28, "x": 219, "y": 201, "object_id": 119, "merged_object_ids": [], "names": ["SCV"], "name": "SCV"}, {"synsets": ["SCV.n.01"], "h": 28, "w": 28, "x": 238, "y": 108, "object_id": 120, "merged_object_ids": [], "names": ["SCV"], "name": "SCV"}, {"synsets": ["SUPPLYDEPOT.n.01"], "h": 70, "w": 70, "x": 386, "y": 506, "object_id": 121, "merged_object_ids": [], "names": ["SUPPLYDEPOT"], "name": "SUPPLYDEPOT"}, {"synsets": ["LABMINERALFIELD.n.01"], "h": 64, "w": 64, "x": 156, "y": 183, "object_id": 122, "merged_object_ids": [], "names": ["LABMINERALFIELD"], "name": "LABMINERALFIELD"}, {"synsets": ["SCV.n.01"], "h": 28, "w": 28, "x": 232, "y": 136, "object_id": 123, "merged_object_ids": [], "names": ["SCV"], "name": "SCV"}, {"synsets": ["SCV.n.01"], "h": 28, "w": 28, "x": 256, "y": 173, "object_id": 124, "merged_object_ids": [], "names": ["SCV"], "name": "SCV"}, {"synsets": ["COMMANDCENTER.n.01"], "h": 142, "w": 142, "x": 334, "y": 144, "object_id": 125, "merged_object_ids": [], "names": ["COMMANDCENTER"], "name": "COMMANDCENTER"}, {"synsets": ["SCV.n.01"], "h": 28, "w": 28, "x": 219, "y": 166, "object_id": 126, "merged_object_ids": [], "names": ["SCV"], "name": "SCV"}, {"synsets": ["LABMINERALFIELD.n.01"], "h": 64, "w": 64, "x": 289, "y": 49, "object_id": 127, "merged_object_ids": [], "names": ["LABMINERALFIELD"], "name": "LABMINERALFIELD"}, {"synsets": ["LABMINERALFIELD750.n.01"], "h": 64, "w": 64, "x": 356, "y": 26, "object_id": 128, "merged_object_ids": [], "names": ["LABMINERALFIELD750"], "name": "LABMINERALFIELD750"}, {"synsets": ["SCV.n.01"], "h": 28, "w": 28, "x": 278, "y": 190, "object_id": 129, "merged_object_ids": [], "names": ["SCV"], "name": "SCV"}, {"synsets": ["SCV.n.01"], "h": 28, "w": 28, "x": 319, "y": 86, "object_id": 130, "merged_object_ids": [], "names": ["SCV"], "name": "SCV"}, {"synsets": ["SCV.n.01"], "h": 28, "w": 28, "x": 241, "y": 110, "object_id": 131, "merged_object_ids": [], "names": ["SCV"], "name": "SCV"}, {"synsets": ["LABMINERALFIELD.n.01"], "h": 64, "w": 64, "x": 389, "y": 49, "object_id": 132, "merged_object_ids": [], "names": ["LABMINERALFIELD"], "name": "LABMINERALFIELD"}, {"synsets": ["SCV.n.01"], "h": 28, "w": 28, "x": 343, "y": 125, "object_id": 133, "merged_object_ids": [], "names": ["SCV"], "name": "SCV"}, {"synsets": ["SPACEPLATFORMGEYSER.n.01"], "h": 82, "w": 82, "x": 497, "y": 17, "object_id": 134, "merged_object_ids": [], "names": ["SPACEPLATFORMGEYSER"], "name": "SPACEPLATFORMGEYSER"}, {"synsets": ["SCV.n.01"], "h": 28, "w": 28, "x": 258, "y": 201, "object_id": 135, "merged_object_ids": [], "names": ["SCV"], "name": "SCV"}, {"synsets": ["LABMINERALFIELD750.n.01"], "h": 64, "w": 64, "x": 156, "y": 94, "object_id": 136, "merged_object_ids": [], "names": ["LABMINERALFIELD750"], "name": "LABMINERALFIELD750"}, {"synsets": ["LABMINERALFIELD750.n.01"], "h": 64, "w": 64, "x": 123, "y": 161, "object_id": 137, "merged_object_ids": [], "names": ["LABMINERALFIELD750"], "name": "LABMINERALFIELD750"}, {"synsets": ["SCV.n.01"], "h": 28, "w": 28, "x": 370, "y": 112, "object_id": 138, "merged_object_ids": [], "names": ["SCV"], "name": "SCV"}, {"synsets": ["LABMINERALFIELD.n.01"], "h": 64, "w": 64, "x": 156, "y": 138, "object_id": 139, "merged_object_ids": [], "names": ["LABMINERALFIELD"], "name": "LABMINERALFIELD"}, {"synsets": ["LABMINERALFIELD750.n.01"], "h": 64, "w": 64, "x": 189, "y": 71, "object_id": 140, "merged_object_ids": [], "names": ["LABMINERALFIELD750"], "name": "LABMINERALFIELD750"}, {"synsets": ["SPACEPLATFORMGEYSER.n.01"], "h": 82, "w": 82, "x": 130, "y": 242, "object_id": 141, "merged_object_ids": [], "names": ["SPACEPLATFORMGEYSER"], "name": "SPACEPLATFORMGEYSER"}], "image_url": null}, {"image_id": 8, "objects": [{"synsets": ["LABMINERALFIELD750.n.01"], "h": 64, "w": 64, "x": 189, "y": 71, "object_id": 142, "merged_object_ids": [], "names": ["LABMINERALFIELD750"], "name": "LABMINERALFIELD750"}, {"synsets": ["LABMINERALFIELD.n.01"], "h": 64, "w": 64, "x": 156, "y": 183, "object_id": 143, "merged_object_ids": [], "names": ["LABMINERALFIELD"], "name": "LABMINERALFIELD"}, {"synsets": ["SCV.n.01"], "h": 28, "w": 28, "x": 186, "y": 182, "object_id": 144, "merged_object_ids": [], "names": ["SCV"], "name": "SCV"}, {"synsets": ["SCV.n.01"], "h": 28, "w": 28, "x": 120, "y": 243, "object_id": 145, "merged_object_ids": [], "names": ["SCV"], "name": "SCV"}, {"synsets": ["LABMINERALFIELD.n.01"], "h": 64, "w": 64, "x": 289, "y": 49, "object_id": 146, "merged_object_ids": [], "names": ["LABMINERALFIELD"], "name": "LABMINERALFIELD"}, {"synsets": ["LABMINERALFIELD750.n.01"], "h": 64, "w": 64, "x": 123, "y": 161, "object_id": 147, "merged_object_ids": [], "names": ["LABMINERALFIELD750"], "name": "LABMINERALFIELD750"}, {"synsets": ["SCV.n.01"], "h": 28, "w": 28, "x": 219, "y": 166, "object_id": 148, "merged_object_ids": [], "names": ["SCV"], "name": "SCV"}, {"synsets": ["LABMINERALFIELD.n.01"], "h": 64, "w": 64, "x": 389, "y": 49, "object_id": 149, "merged_object_ids": [], "names": ["LABMINERALFIELD"], "name": "LABMINERALFIELD"}, {"synsets": ["SCV.n.01"], "h": 28, "w": 28, "x": 219, "y": 201, "object_id": 150, "merged_object_ids": [], "names": ["SCV"], "name": "SCV"}, {"synsets": ["SPACEPLATFORMGEYSER.n.01"], "h": 82, "w": 82, "x": 497, "y": 17, "object_id": 151, "merged_object_ids": [], "names": ["SPACEPLATFORMGEYSER"], "name": "SPACEPLATFORMGEYSER"}, {"synsets": ["SCV.n.01"], "h": 28, "w": 28, "x": 319, "y": 86, "object_id": 152, "merged_object_ids": [], "names": ["SCV"], "name": "SCV"}, {"synsets": ["SCV.n.01"], "h": 28, "w": 28, "x": 218, "y": 125, "object_id": 153, "merged_object_ids": [], "names": ["SCV"], "name": "SCV"}, {"synsets": ["SCV.n.01"], "h": 28, "w": 28, "x": 219, "y": 201, "object_id": 154, "merged_object_ids": [], "names": ["SCV"], "name": "SCV"}, {"synsets": ["REFINERY.n.01"], "h": 91, "w": 91, "x": 126, "y": 237, "object_id": 155, "merged_object_ids": [], "names": ["REFINERY"], "name": "REFINERY"}, {"synsets": ["SCV.n.01"], "h": 28, "w": 28, "x": 403, "y": 102, "object_id": 156, "merged_object_ids": [], "names": ["SCV"], "name": "SCV"}, {"synsets": ["SCV.n.01"], "h": 28, "w": 28, "x": 239, "y": 108, "object_id": 157, "merged_object_ids": [], "names": ["SCV"], "name": "SCV"}, {"synsets": ["COMMANDCENTER.n.01"], "h": 142, "w": 142, "x": 334, "y": 144, "object_id": 158, "merged_object_ids": [], "names": ["COMMANDCENTER"], "name": "COMMANDCENTER"}, {"synsets": ["SCV.n.01"], "h": 28, "w": 28, "x": 348, "y": 133, "object_id": 159, "merged_object_ids": [], "names": ["SCV"], "name": "SCV"}, {"synsets": ["LABMINERALFIELD750.n.01"], "h": 64, "w": 64, "x": 156, "y": 94, "object_id": 160, "merged_object_ids": [], "names": ["LABMINERALFIELD750"], "name": "LABMINERALFIELD750"}, {"synsets": ["LABMINERALFIELD750.n.01"], "h": 64, "w": 64, "x": 356, "y": 26, "object_id": 161, "merged_object_ids": [], "names": ["LABMINERALFIELD750"], "name": "LABMINERALFIELD750"}, {"synsets": ["SCV.n.01"], "h": 28, "w": 28, "x": 219, "y": 166, "object_id": 162, "merged_object_ids": [], "names": ["SCV"], "name": "SCV"}, {"synsets": ["SCV.n.01"], "h": 28, "w": 28, "x": 405, "y": 86, "object_id": 163, "merged_object_ids": [], "names": ["SCV"], "name": "SCV"}, {"synsets": ["SPACEPLATFORMGEYSER.n.01"], "h": 82, "w": 82, "x": 130, "y": 242, "object_id": 164, "merged_object_ids": [], "names": ["SPACEPLATFORMGEYSER"], "name": "SPACEPLATFORMGEYSER"}, {"synsets": ["SCV.n.01"], "h": 28, "w": 28, "x": 272, "y": 152, "object_id": 165, "merged_object_ids": [], "names": ["SCV"], "name": "SCV"}, {"synsets": ["LABMINERALFIELD.n.01"], "h": 64, "w": 64, "x": 156, "y": 138, "object_id": 166, "merged_object_ids": [], "names": ["LABMINERALFIELD"], "name": "LABMINERALFIELD"}, {"synsets": ["SCV.n.01"], "h": 28, "w": 28, "x": 361, "y": 64, "object_id": 167, "merged_object_ids": [], "names": ["SCV"], "name": "SCV"}, {"synsets": ["SCV.n.01"], "h": 28, "w": 28, "x": 318, "y": 157, "object_id": 168, "merged_object_ids": [], "names": ["SCV"], "name": "SCV"}], "image_url": null}, {"image_id": 9, "objects": [{"synsets": ["SCV.n.01"], "h": 28, "w": 28, "x": 361, "y": 64, "object_id": 169, "merged_object_ids": [], "names": ["SCV"], "name": "SCV"}, {"synsets": ["SCV.n.01"], "h": 28, "w": 28, "x": 284, "y": 136, "object_id": 170, "merged_object_ids": [], "names": ["SCV"], "name": "SCV"}, {"synsets": ["SCV.n.01"], "h": 28, "w": 28, "x": 225, "y": 132, "object_id": 171, "merged_object_ids": [], "names": ["SCV"], "name": "SCV"}, {"synsets": ["SCV.n.01"], "h": 28, "w": 28, "x": 219, "y": 166, "object_id": 172, "merged_object_ids": [], "names": ["SCV"], "name": "SCV"}, {"synsets": ["SCV.n.01"], "h": 28, "w": 28, "x": 186, "y": 182, "object_id": 173, "merged_object_ids": [], "names": ["SCV"], "name": "SCV"}, {"synsets": ["LABMINERALFIELD.n.01"], "h": 64, "w": 64, "x": 156, "y": 138, "object_id": 174, "merged_object_ids": [], "names": ["LABMINERALFIELD"], "name": "LABMINERALFIELD"}, {"synsets": ["SCV.n.01"], "h": 28, "w": 28, "x": 319, "y": 86, "object_id": 175, "merged_object_ids": [], "names": ["SCV"], "name": "SCV"}, {"synsets": ["SCV.n.01"], "h": 28, "w": 28, "x": 405, "y": 86, "object_id": 176, "merged_object_ids": [], "names": ["SCV"], "name": "SCV"}, {"synsets": ["LABMINERALFIELD.n.01"], "h": 64, "w": 64, "x": 389, "y": 49, "object_id": 177, "merged_object_ids": [], "names": ["LABMINERALFIELD"], "name": "LABMINERALFIELD"}, {"synsets": ["LABMINERALFIELD750.n.01"], "h": 64, "w": 64, "x": 156, "y": 94, "object_id": 178, "merged_object_ids": [], "names": ["LABMINERALFIELD750"], "name": "LABMINERALFIELD750"}, {"synsets": ["SCV.n.01"], "h": 28, "w": 28, "x": 219, "y": 201, "object_id": 179, "merged_object_ids": [], "names": ["SCV"], "name": "SCV"}, {"synsets": ["LABMINERALFIELD.n.01"], "h": 64, "w": 64, "x": 156, "y": 183, "object_id": 180, "merged_object_ids": [], "names": ["LABMINERALFIELD"], "name": "LABMINERALFIELD"}, {"synsets": ["LABMINERALFIELD750.n.01"], "h": 64, "w": 64, "x": 123, "y": 161, "object_id": 181, "merged_object_ids": [], "names": ["LABMINERALFIELD750"], "name": "LABMINERALFIELD750"}, {"synsets": ["SCV.n.01"], "h": 28, "w": 28, "x": 120, "y": 243, "object_id": 182, "merged_object_ids": [], "names": ["SCV"], "name": "SCV"}, {"synsets": ["SCV.n.01"], "h": 28, "w": 28, "x": 338, "y": 116, "object_id": 183, "merged_object_ids": [], "names": ["SCV"], "name": "SCV"}, {"synsets": ["LABMINERALFIELD.n.01"], "h": 64, "w": 64, "x": 289, "y": 49, "object_id": 184, "merged_object_ids": [], "names": ["LABMINERALFIELD"], "name": "LABMINERALFIELD"}, {"synsets": ["REFINERY.n.01"], "h": 91, "w": 91, "x": 492, "y": 13, "object_id": 185, "merged_object_ids": [], "names": ["REFINERY"], "name": "REFINERY"}, {"synsets": ["REFINERY.n.01"], "h": 91, "w": 91, "x": 126, "y": 237, "object_id": 186, "merged_object_ids": [], "names": ["REFINERY"], "name": "REFINERY"}, {"synsets": ["SPACEPLATFORMGEYSER.n.01"], "h": 82, "w": 82, "x": 130, "y": 242, "object_id": 187, "merged_object_ids": [], "names": ["SPACEPLATFORMGEYSER"], "name": "SPACEPLATFORMGEYSER"}, {"synsets": ["SCV.n.01"], "h": 28, "w": 28, "x": 230, "y": 168, "object_id": 188, "merged_object_ids": [], "names": ["SCV"], "name": "SCV"}, {"synsets": ["COMMANDCENTER.n.01"], "h": 142, "w": 142, "x": 334, "y": 144, "object_id": 189, "merged_object_ids": [], "names": ["COMMANDCENTER"], "name": "COMMANDCENTER"}, {"synsets": ["SCV.n.01"], "h": 28, "w": 28, "x": 219, "y": 201, "object_id": 190, "merged_object_ids": [], "names": ["SCV"], "name": "SCV"}, {"synsets": ["SPACEPLATFORMGEYSER.n.01"], "h": 82, "w": 82, "x": 497, "y": 17, "object_id": 191, "merged_object_ids": [], "names": ["SPACEPLATFORMGEYSER"], "name": "SPACEPLATFORMGEYSER"}, {"synsets": ["LABMINERALFIELD750.n.01"], "h": 64, "w": 64, "x": 189, "y": 71, "object_id": 192, "merged_object_ids": [], "names": ["LABMINERALFIELD750"], "name": "LABMINERALFIELD750"}, {"synsets": ["SCV.n.01"], "h": 28, "w": 28, "x": 404, "y": 92, "object_id": 193, "merged_object_ids": [], "names": ["SCV"], "name": "SCV"}, {"synsets": ["LABMINERALFIELD750.n.01"], "h": 64, "w": 64, "x": 356, "y": 26, "object_id": 194, "merged_object_ids": [], "names": ["LABMINERALFIELD750"], "name": "LABMINERALFIELD750"}, {"synsets": ["SCV.n.01"], "h": 28, "w": 28, "x": 216, "y": 129, "object_id": 195, "merged_object_ids": [], "names": ["SCV"], "name": "SCV"}, {"synsets": ["SCV.n.01"], "h": 28, "w": 28, "x": 524, "y": 19, "object_id": 196, "merged_object_ids": [], "names": ["SCV"], "name": "SCV"}], "image_url": null}, {"image_id": 10, "objects": [{"synsets": ["LABMINERALFIELD.n.01"], "h": 64, "w": 64, "x": 156, "y": 183, "object_id": 197, "merged_object_ids": [], "names": ["LABMINERALFIELD"], "name": "LABMINERALFIELD"}, {"synsets": ["SCV.n.01"], "h": 28, "w": 28, "x": 251, "y": 172, "object_id": 198, "merged_object_ids": [], "names": ["SCV"], "name": "SCV"}, {"synsets": ["SCV.n.01"], "h": 28, "w": 28, "x": 217, "y": 248, "object_id": 199, "merged_object_ids": [], "names": ["SCV"], "name": "SCV"}, {"synsets": ["SCV.n.01"], "h": 28, "w": 28, "x": 219, "y": 201, "object_id": 200, "merged_object_ids": [], "names": ["SCV"], "name": "SCV"}, {"synsets": ["LABMINERALFIELD750.n.01"], "h": 64, "w": 64, "x": 156, "y": 94, "object_id": 201, "merged_object_ids": [], "names": ["LABMINERALFIELD750"], "name": "LABMINERALFIELD750"}, {"synsets": ["SCV.n.01"], "h": 28, "w": 28, "x": 258, "y": 201, "object_id": 202, "merged_object_ids": [], "names": ["SCV"], "name": "SCV"}, {"synsets": ["SPACEPLATFORMGEYSER.n.01"], "h": 82, "w": 82, "x": 497, "y": 17, "object_id": 203, "merged_object_ids": [], "names": ["SPACEPLATFORMGEYSER"], "name": "SPACEPLATFORMGEYSER"}, {"synsets": ["SCV.n.01"], "h": 28, "w": 28, "x": 486, "y": 44, "object_id": 204, "merged_object_ids": [], "names": ["SCV"], "name": "SCV"}, {"synsets": ["SCV.n.01"], "h": 28, "w": 28, "x": 239, "y": 108, "object_id": 205, "merged_object_ids": [], "names": ["SCV"], "name": "SCV"}, {"synsets": ["SCV.n.01"], "h": 28, "w": 28, "x": 186, "y": 182, "object_id": 206, "merged_object_ids": [], "names": ["SCV"], "name": "SCV"}, {"synsets": ["SCV.n.01"], "h": 28, "w": 28, "x": 288, "y": 228, "object_id": 207, "merged_object_ids": [], "names": ["SCV"], "name": "SCV"}, {"synsets": ["SCV.n.01"], "h": 28, "w": 28, "x": 448, "y": 134, "object_id": 208, "merged_object_ids": [], "names": ["SCV"], "name": "SCV"}, {"synsets": ["REFINERY.n.01"], "h": 91, "w": 91, "x": 492, "y": 13, "object_id": 209, "merged_object_ids": [], "names": ["REFINERY"], "name": "REFINERY"}, {"synsets": ["SCV.n.01"], "h": 28, "w": 28, "x": 215, "y": 129, "object_id": 210, "merged_object_ids": [], "names": ["SCV"], "name": "SCV"}, {"synsets": ["LABMINERALFIELD750.n.01"], "h": 64, "w": 64, "x": 189, "y": 71, "object_id": 211, "merged_object_ids": [], "names": ["LABMINERALFIELD750"], "name": "LABMINERALFIELD750"}, {"synsets": ["SCV.n.01"], "h": 28, "w": 28, "x": 405, "y": 86, "object_id": 212, "merged_object_ids": [], "names": ["SCV"], "name": "SCV"}, {"synsets": ["LABMINERALFIELD.n.01"], "h": 64, "w": 64, "x": 389, "y": 49, "object_id": 213, "merged_object_ids": [], "names": ["LABMINERALFIELD"], "name": "LABMINERALFIELD"}, {"synsets": ["SCV.n.01"], "h": 28, "w": 28, "x": 325, "y": 95, "object_id": 214, "merged_object_ids": [], "names": ["SCV"], "name": "SCV"}, {"synsets": ["LABMINERALFIELD750.n.01"], "h": 64, "w": 64, "x": 356, "y": 26, "object_id": 215, "merged_object_ids": [], "names": ["LABMINERALFIELD750"], "name": "LABMINERALFIELD750"}, {"synsets": ["SCV.n.01"], "h": 28, "w": 28, "x": 361, "y": 64, "object_id": 216, "merged_object_ids": [], "names": ["SCV"], "name": "SCV"}, {"synsets": ["LABMINERALFIELD.n.01"], "h": 64, "w": 64, "x": 289, "y": 49, "object_id": 217, "merged_object_ids": [], "names": ["LABMINERALFIELD"], "name": "LABMINERALFIELD"}, {"synsets": ["SCV.n.01"], "h": 28, "w": 28, "x": 218, "y": 250, "object_id": 218, "merged_object_ids": [], "names": ["SCV"], "name": "SCV"}, {"synsets": ["SCV.n.01"], "h": 28, "w": 28, "x": 399, "y": 130, "object_id": 219, "merged_object_ids": [], "names": ["SCV"], "name": "SCV"}, {"synsets": ["REFINERY.n.01"], "h": 91, "w": 91, "x": 126, "y": 237, "object_id": 220, "merged_object_ids": [], "names": ["REFINERY"], "name": "REFINERY"}, {"synsets": ["LABMINERALFIELD750.n.01"], "h": 64, "w": 64, "x": 123, "y": 161, "object_id": 221, "merged_object_ids": [], "names": ["LABMINERALFIELD750"], "name": "LABMINERALFIELD750"}, {"synsets": ["SPACEPLATFORMGEYSER.n.01"], "h": 82, "w": 82, "x": 130, "y": 242, "object_id": 222, "merged_object_ids": [], "names": ["SPACEPLATFORMGEYSER"], "name": "SPACEPLATFORMGEYSER"}, {"synsets": ["SCV.n.01"], "h": 28, "w": 28, "x": 319, "y": 85, "object_id": 223, "merged_object_ids": [], "names": ["SCV"], "name": "SCV"}, {"synsets": ["LABMINERALFIELD.n.01"], "h": 64, "w": 64, "x": 156, "y": 138, "object_id": 224, "merged_object_ids": [], "names": ["LABMINERALFIELD"], "name": "LABMINERALFIELD"}, {"synsets": ["COMMANDCENTER.n.01"], "h": 142, "w": 142, "x": 334, "y": 144, "object_id": 225, "merged_object_ids": [], "names": ["COMMANDCENTER"], "name": "COMMANDCENTER"}, {"synsets": ["SCV.n.01"], "h": 28, "w": 28, "x": 219, "y": 166, "object_id": 226, "merged_object_ids": [], "names": ["SCV"], "name": "SCV"}], "image_url": null}, {"image_id": 11, "objects": [{"synsets": ["PROBE.n.01"], "h": 28, "w": 28, "x": 365, "y": 354, "object_id": 227, "merged_object_ids": [], "names": ["PROBE"], "name": "PROBE"}, {"synsets": ["COMMANDCENTER.n.01"], "h": 142, "w": 142, "x": 334, "y": 144, "object_id": 228, "merged_object_ids": [], "names": ["COMMANDCENTER"], "name": "COMMANDCENTER"}, {"synsets": ["SCV.n.01"], "h": 28, "w": 28, "x": 286, "y": 231, "object_id": 229, "merged_object_ids": [], "names": ["SCV"], "name": "SCV"}, {"synsets": ["LABMINERALFIELD.n.01"], "h": 64, "w": 64, "x": 289, "y": 49, "object_id": 230, "merged_object_ids": [], "names": ["LABMINERALFIELD"], "name": "LABMINERALFIELD"}, {"synsets": ["SCV.n.01"], "h": 28, "w": 28, "x": 440, "y": 143, "object_id": 231, "merged_object_ids": [], "names": ["SCV"], "name": "SCV"}, {"synsets": ["SCV.n.01"], "h": 28, "w": 28, "x": 219, "y": 250, "object_id": 232, "merged_object_ids": [], "names": ["SCV"], "name": "SCV"}, {"synsets": ["SCV.n.01"], "h": 28, "w": 28, "x": 481, "y": 76, "object_id": 233, "merged_object_ids": [], "names": ["SCV"], "name": "SCV"}, {"synsets": ["SCV.n.01"], "h": 28, "w": 28, "x": 226, "y": 201, "object_id": 234, "merged_object_ids": [], "names": ["SCV"], "name": "SCV"}, {"synsets": ["SPACEPLATFORMGEYSER.n.01"], "h": 82, "w": 82, "x": 497, "y": 17, "object_id": 235, "merged_object_ids": [], "names": ["SPACEPLATFORMGEYSER"], "name": "SPACEPLATFORMGEYSER"}, {"synsets": ["SCV.n.01"], "h": 28, "w": 28, "x": 186, "y": 182, "object_id": 236, "merged_object_ids": [], "names": ["SCV"], "name": "SCV"}, {"synsets": ["REFINERY.n.01"], "h": 91, "w": 91, "x": 126, "y": 237, "object_id": 237, "merged_object_ids": [], "names": ["REFINERY"], "name": "REFINERY"}, {"synsets": ["SCV.n.01"], "h": 28, "w": 28, "x": 226, "y": 201, "object_id": 238, "merged_object_ids": [], "names": ["SCV"], "name": "SCV"}, {"synsets": ["SCV.n.01"], "h": 28, "w": 28, "x": 284, "y": 136, "object_id": 239, "merged_object_ids": [], "names": ["SCV"], "name": "SCV"}, {"synsets": ["SCV.n.01"], "h": 28, "w": 28, "x": 405, "y": 86, "object_id": 240, "merged_object_ids": [], "names": ["SCV"], "name": "SCV"}, {"synsets": ["LABMINERALFIELD.n.01"], "h": 64, "w": 64, "x": 156, "y": 138, "object_id": 241, "merged_object_ids": [], "names": ["LABMINERALFIELD"], "name": "LABMINERALFIELD"}, {"synsets": ["LABMINERALFIELD750.n.01"], "h": 64, "w": 64, "x": 123, "y": 161, "object_id": 242, "merged_object_ids": [], "names": ["LABMINERALFIELD750"], "name": "LABMINERALFIELD750"}, {"synsets": ["LABMINERALFIELD750.n.01"], "h": 64, "w": 64, "x": 156, "y": 94, "object_id": 243, "merged_object_ids": [], "names": ["LABMINERALFIELD750"], "name": "LABMINERALFIELD750"}, {"synsets": ["SCV.n.01"], "h": 28, "w": 28, "x": 223, "y": 167, "object_id": 244, "merged_object_ids": [], "names": ["SCV"], "name": "SCV"}, {"synsets": ["LABMINERALFIELD750.n.01"], "h": 64, "w": 64, "x": 189, "y": 71, "object_id": 245, "merged_object_ids": [], "names": ["LABMINERALFIELD750"], "name": "LABMINERALFIELD750"}, {"synsets": ["SCV.n.01"], "h": 28, "w": 28, "x": 361, "y": 63, "object_id": 246, "merged_object_ids": [], "names": ["SCV"], "name": "SCV"}, {"synsets": ["SPACEPLATFORMGEYSER.n.01"], "h": 82, "w": 82, "x": 130, "y": 242, "object_id": 247, "merged_object_ids": [], "names": ["SPACEPLATFORMGEYSER"], "name": "SPACEPLATFORMGEYSER"}, {"synsets": ["REFINERY.n.01"], "h": 91, "w": 91, "x": 492, "y": 13, "object_id": 248, "merged_object_ids": [], "names": ["REFINERY"], "name": "REFINERY"}, {"synsets": ["LABMINERALFIELD.n.01"], "h": 64, "w": 64, "x": 156, "y": 183, "object_id": 249, "merged_object_ids": [], "names": ["LABMINERALFIELD"], "name": "LABMINERALFIELD"}, {"synsets": ["LABMINERALFIELD750.n.01"], "h": 64, "w": 64, "x": 356, "y": 26, "object_id": 250, "merged_object_ids": [], "names": ["LABMINERALFIELD750"], "name": "LABMINERALFIELD750"}, {"synsets": ["LABMINERALFIELD.n.01"], "h": 64, "w": 64, "x": 389, "y": 49, "object_id": 251, "merged_object_ids": [], "names": ["LABMINERALFIELD"], "name": "LABMINERALFIELD"}, {"synsets": ["SCV.n.01"], "h": 28, "w": 28, "x": 319, "y": 85, "object_id": 252, "merged_object_ids": [], "names": ["SCV"], "name": "SCV"}, {"synsets": ["SCV.n.01"], "h": 28, "w": 28, "x": 215, "y": 129, "object_id": 253, "merged_object_ids": [], "names": ["SCV"], "name": "SCV"}, {"synsets": ["SCV.n.01"], "h": 28, "w": 28, "x": 337, "y": 115, "object_id": 254, "merged_object_ids": [], "names": ["SCV"], "name": "SCV"}, {"synsets": ["SCV.n.01"], "h": 28, "w": 28, "x": 225, "y": 167, "object_id": 255, "merged_object_ids": [], "names": ["SCV"], "name": "SCV"}], "image_url": null}, {"image_id": 12, "objects": [{"synsets": ["LABMINERALFIELD750.n.01"], "h": 64, "w": 64, "x": 123, "y": 161, "object_id": 256, "merged_object_ids": [], "names": ["LABMINERALFIELD750"], "name": "LABMINERALFIELD750"}, {"synsets": ["SCV.n.01"], "h": 28, "w": 28, "x": 489, "y": 85, "object_id": 257, "merged_object_ids": [], "names": ["SCV"], "name": "SCV"}, {"synsets": ["REFINERY.n.01"], "h": 91, "w": 91, "x": 126, "y": 237, "object_id": 258, "merged_object_ids": [], "names": ["REFINERY"], "name": "REFINERY"}, {"synsets": ["SCV.n.01"], "h": 28, "w": 28, "x": 284, "y": 190, "object_id": 259, "merged_object_ids": [], "names": ["SCV"], "name": "SCV"}, {"synsets": ["REFINERY.n.01"], "h": 91, "w": 91, "x": 492, "y": 13, "object_id": 260, "merged_object_ids": [], "names": ["REFINERY"], "name": "REFINERY"}, {"synsets": ["SCV.n.01"], "h": 28, "w": 28, "x": 288, "y": 201, "object_id": 261, "merged_object_ids": [], "names": ["SCV"], "name": "SCV"}, {"synsets": ["SCV.n.01"], "h": 28, "w": 28, "x": 440, "y": 143, "object_id": 262, "merged_object_ids": [], "names": ["SCV"], "name": "SCV"}, {"synsets": ["LABMINERALFIELD.n.01"], "h": 64, "w": 64, "x": 156, "y": 138, "object_id": 263, "merged_object_ids": [], "names": ["LABMINERALFIELD"], "name": "LABMINERALFIELD"}, {"synsets": ["SCV.n.01"], "h": 28, "w": 28, "x": 289, "y": 180, "object_id": 264, "merged_object_ids": [], "names": ["SCV"], "name": "SCV"}, {"synsets": ["LABMINERALFIELD.n.01"], "h": 64, "w": 64, "x": 389, "y": 49, "object_id": 265, "merged_object_ids": [], "names": ["LABMINERALFIELD"], "name": "LABMINERALFIELD"}, {"synsets": ["SCV.n.01"], "h": 28, "w": 28, "x": 219, "y": 201, "object_id": 266, "merged_object_ids": [], "names": ["SCV"], "name": "SCV"}, {"synsets": ["SCV.n.01"], "h": 28, "w": 28, "x": 319, "y": 85, "object_id": 267, "merged_object_ids": [], "names": ["SCV"], "name": "SCV"}, {"synsets": ["LABMINERALFIELD750.n.01"], "h": 64, "w": 64, "x": 156, "y": 94, "object_id": 268, "merged_object_ids": [], "names": ["LABMINERALFIELD750"], "name": "LABMINERALFIELD750"}, {"synsets": ["SCV.n.01"], "h": 28, "w": 28, "x": 405, "y": 86, "object_id": 269, "merged_object_ids": [], "names": ["SCV"], "name": "SCV"}, {"synsets": ["COMMANDCENTER.n.01"], "h": 142, "w": 142, "x": 334, "y": 144, "object_id": 270, "merged_object_ids": [], "names": ["COMMANDCENTER"], "name": "COMMANDCENTER"}, {"synsets": ["SPACEPLATFORMGEYSER.n.01"], "h": 82, "w": 82, "x": 130, "y": 242, "object_id": 271, "merged_object_ids": [], "names": ["SPACEPLATFORMGEYSER"], "name": "SPACEPLATFORMGEYSER"}, {"synsets": ["SCV.n.01"], "h": 28, "w": 28, "x": 352, "y": 138, "object_id": 272, "merged_object_ids": [], "names": ["SCV"], "name": "SCV"}, {"synsets": ["SCV.n.01"], "h": 28, "w": 28, "x": 376, "y": 137, "object_id": 273, "merged_object_ids": [], "names": ["SCV"], "name": "SCV"}, {"synsets": ["SCV.n.01"], "h": 28, "w": 28, "x": 241, "y": 110, "object_id": 274, "merged_object_ids": [], "names": ["SCV"], "name": "SCV"}, {"synsets": ["SCV.n.01"], "h": 28, "w": 28, "x": 219, "y": 166, "object_id": 275, "merged_object_ids": [], "names": ["SCV"], "name": "SCV"}, {"synsets": ["LABMINERALFIELD750.n.01"], "h": 64, "w": 64, "x": 189, "y": 71, "object_id": 276, "merged_object_ids": [], "names": ["LABMINERALFIELD750"], "name": "LABMINERALFIELD750"}, {"synsets": ["SCV.n.01"], "h": 28, "w": 28, "x": 401, "y": 85, "object_id": 277, "merged_object_ids": [], "names": ["SCV"], "name": "SCV"}, {"synsets": ["SCV.n.01"], "h": 28, "w": 28, "x": 286, "y": 158, "object_id": 278, "merged_object_ids": [], "names": ["SCV"], "name": "SCV"}, {"synsets": ["SCV.n.01"], "h": 28, "w": 28, "x": 285, "y": 232, "object_id": 279, "merged_object_ids": [], "names": ["SCV"], "name": "SCV"}, {"synsets": ["LABMINERALFIELD750.n.01"], "h": 64, "w": 64, "x": 356, "y": 26, "object_id": 280, "merged_object_ids": [], "names": ["LABMINERALFIELD750"], "name": "LABMINERALFIELD750"}, {"synsets": ["SPACEPLATFORMGEYSER.n.01"], "h": 82, "w": 82, "x": 497, "y": 17, "object_id": 281, "merged_object_ids": [], "names": ["SPACEPLATFORMGEYSER"], "name": "SPACEPLATFORMGEYSER"}, {"synsets": ["SCV.n.01"], "h": 28, "w": 28, "x": 222, "y": 250, "object_id": 282, "merged_object_ids": [], "names": ["SCV"], "name": "SCV"}, {"synsets": ["LABMINERALFIELD.n.01"], "h": 64, "w": 64, "x": 289, "y": 49, "object_id": 283, "merged_object_ids": [], "names": ["LABMINERALFIELD"], "name": "LABMINERALFIELD"}, {"synsets": ["LABMINERALFIELD.n.01"], "h": 64, "w": 64, "x": 156, "y": 183, "object_id": 284, "merged_object_ids": [], "names": ["LABMINERALFIELD"], "name": "LABMINERALFIELD"}], "image_url": null}, {"image_id": 13, "objects": [{"synsets": ["SCV.n.01"], "h": 28, "w": 28, "x": 478, "y": 126, "object_id": 285, "merged_object_ids": [], "names": ["SCV"], "name": "SCV"}, {"synsets": ["LABMINERALFIELD750.n.01"], "h": 64, "w": 64, "x": 187, "y": -286, "object_id": 286, "merged_object_ids": [], "names": ["LABMINERALFIELD750"], "name": "LABMINERALFIELD750"}, {"synsets": ["UNBUILDABLEPLATESDESTRUCTIBLE.n.01"], "h": 64, "w": 64, "x": 253, "y": 241, "object_id": 287, "merged_object_ids": [], "names": ["UNBUILDABLEPLATESDESTRUCTIBLE"], "name": "UNBUILDABLEPLATESDESTRUCTIBLE"}, {"synsets": ["REFINERY.n.01"], "h": 91, "w": 91, "x": 157, "y": -142, "object_id": 288, "merged_object_ids": [], "names": ["REFINERY"], "name": "REFINERY"}, {"synsets": ["SUPPLYDEPOT.n.01"], "h": 70, "w": 70, "x": 417, "y": 126, "object_id": 289, "merged_object_ids": [], "names": ["SUPPLYDEPOT"], "name": "SUPPLYDEPOT"}, {"synsets": ["LABMINERALFIELD750.n.01"], "h": 64, "w": 64, "x": 153, "y": -219, "object_id": 290, "merged_object_ids": [], "names": ["LABMINERALFIELD750"], "name": "LABMINERALFIELD750"}], "image_url": null}, {"image_id": 14, "objects": [{"synsets": ["SUPPLYDEPOT.n.01"], "h": 70, "w": 70, "x": 417, "y": 126, "object_id": 291, "merged_object_ids": [], "names": ["SUPPLYDEPOT"], "name": "SUPPLYDEPOT"}, {"synsets": ["UNBUILDABLEPLATESDESTRUCTIBLE.n.01"], "h": 64, "w": 64, "x": 253, "y": 241, "object_id": 292, "merged_object_ids": [], "names": ["UNBUILDABLEPLATESDESTRUCTIBLE"], "name": "UNBUILDABLEPLATESDESTRUCTIBLE"}, {"synsets": ["PROBE.n.01"], "h": 28, "w": 28, "x": 539, "y": 199, "object_id": 293, "merged_object_ids": [], "names": ["PROBE"], "name": "PROBE"}, {"synsets": ["LABMINERALFIELD750.n.01"], "h": 64, "w": 64, "x": 153, "y": -219, "object_id": 294, "merged_object_ids": [], "names": ["LABMINERALFIELD750"], "name": "LABMINERALFIELD750"}, {"synsets": ["SCV.n.01"], "h": 28, "w": 28, "x": 521, "y": 133, "object_id": 295, "merged_object_ids": [], "names": ["SCV"], "name": "SCV"}, {"synsets": ["SCV.n.01"], "h": 28, "w": 28, "x": 563, "y": 197, "object_id": 296, "merged_object_ids": [], "names": ["SCV"], "name": "SCV"}, {"synsets": ["REFINERY.n.01"], "h": 91, "w": 91, "x": 157, "y": -142, "object_id": 297, "merged_object_ids": [], "names": ["REFINERY"], "name": "REFINERY"}, {"synsets": ["LABMINERALFIELD750.n.01"], "h": 64, "w": 64, "x": 187, "y": -286, "object_id": 298, "merged_object_ids": [], "names": ["LABMINERALFIELD750"], "name": "LABMINERALFIELD750"}, {"synsets": ["FACTORY.n.01"], "h": 97, "w": 97, "x": 487, "y": 123, "object_id": 299, "merged_object_ids": [], "names": ["FACTORY"], "name": "FACTORY"}], "image_url": null}, {"image_id": 15, "objects": [{"synsets": ["SCV.n.01"], "h": 28, "w": 28, "x": 405, "y": 86, "object_id": 300, "merged_object_ids": [], "names": ["SCV"], "name": "SCV"}, {"synsets": ["SCV.n.01"], "h": 28, "w": 28, "x": 219, "y": 166, "object_id": 301, "merged_object_ids": [], "names": ["SCV"], "name": "SCV"}, {"synsets": ["LABMINERALFIELD.n.01"], "h": 64, "w": 64, "x": 156, "y": 138, "object_id": 302, "merged_object_ids": [], "names": ["LABMINERALFIELD"], "name": "LABMINERALFIELD"}, {"synsets": ["SCV.n.01"], "h": 28, "w": 28, "x": 219, "y": 204, "object_id": 303, "merged_object_ids": [], "names": ["SCV"], "name": "SCV"}, {"synsets": ["FACTORY.n.01"], "h": 97, "w": 97, "x": 456, "y": 504, "object_id": 304, "merged_object_ids": [], "names": ["FACTORY"], "name": "FACTORY"}, {"synsets": ["SCV.n.01"], "h": 28, "w": 28, "x": 440, "y": 143, "object_id": 305, "merged_object_ids": [], "names": ["SCV"], "name": "SCV"}, {"synsets": ["SCV.n.01"], "h": 28, "w": 28, "x": 228, "y": 168, "object_id": 306, "merged_object_ids": [], "names": ["SCV"], "name": "SCV"}, {"synsets": ["SCV.n.01"], "h": 28, "w": 28, "x": 376, "y": 137, "object_id": 307, "merged_object_ids": [], "names": ["SCV"], "name": "SCV"}, {"synsets": ["SPACEPLATFORMGEYSER.n.01"], "h": 82, "w": 82, "x": 130, "y": 242, "object_id": 308, "merged_object_ids": [], "names": ["SPACEPLATFORMGEYSER"], "name": "SPACEPLATFORMGEYSER"}, {"synsets": ["SCV.n.01"], "h": 28, "w": 28, "x": 404, "y": 90, "object_id": 309, "merged_object_ids": [], "names": ["SCV"], "name": "SCV"}, {"synsets": ["SCV.n.01"], "h": 28, "w": 28, "x": 491, "y": 83, "object_id": 310, "merged_object_ids": [], "names": ["SCV"], "name": "SCV"}, {"synsets": ["REFINERY.n.01"], "h": 91, "w": 91, "x": 492, "y": 13, "object_id": 311, "merged_object_ids": [], "names": ["REFINERY"], "name": "REFINERY"}, {"synsets": ["LABMINERALFIELD750.n.01"], "h": 64, "w": 64, "x": 123, "y": 161, "object_id": 312, "merged_object_ids": [], "names": ["LABMINERALFIELD750"], "name": "LABMINERALFIELD750"}, {"synsets": ["LABMINERALFIELD.n.01"], "h": 64, "w": 64, "x": 389, "y": 49, "object_id": 313, "merged_object_ids": [], "names": ["LABMINERALFIELD"], "name": "LABMINERALFIELD"}, {"synsets": ["LABMINERALFIELD750.n.01"], "h": 64, "w": 64, "x": 189, "y": 71, "object_id": 314, "merged_object_ids": [], "names": ["LABMINERALFIELD750"], "name": "LABMINERALFIELD750"}, {"synsets": ["SPACEPLATFORMGEYSER.n.01"], "h": 82, "w": 82, "x": 497, "y": 17, "object_id": 315, "merged_object_ids": [], "names": ["SPACEPLATFORMGEYSER"], "name": "SPACEPLATFORMGEYSER"}, {"synsets": ["LABMINERALFIELD.n.01"], "h": 64, "w": 64, "x": 289, "y": 49, "object_id": 316, "merged_object_ids": [], "names": ["LABMINERALFIELD"], "name": "LABMINERALFIELD"}, {"synsets": ["SCV.n.01"], "h": 28, "w": 28, "x": 319, "y": 86, "object_id": 317, "merged_object_ids": [], "names": ["SCV"], "name": "SCV"}, {"synsets": ["SCV.n.01"], "h": 28, "w": 28, "x": 215, "y": 129, "object_id": 318, "merged_object_ids": [], "names": ["SCV"], "name": "SCV"}, {"synsets": ["SCV.n.01"], "h": 28, "w": 28, "x": 284, "y": 190, "object_id": 319, "merged_object_ids": [], "names": ["SCV"], "name": "SCV"}, {"synsets": ["SCV.n.01"], "h": 28, "w": 28, "x": 340, "y": 120, "object_id": 320, "merged_object_ids": [], "names": ["SCV"], "name": "SCV"}, {"synsets": ["LABMINERALFIELD750.n.01"], "h": 64, "w": 64, "x": 156, "y": 94, "object_id": 321, "merged_object_ids": [], "names": ["LABMINERALFIELD750"], "name": "LABMINERALFIELD750"}, {"synsets": ["SCV.n.01"], "h": 28, "w": 28, "x": 270, "y": 189, "object_id": 322, "merged_object_ids": [], "names": ["SCV"], "name": "SCV"}, {"synsets": ["SCV.n.01"], "h": 28, "w": 28, "x": 240, "y": 109, "object_id": 323, "merged_object_ids": [], "names": ["SCV"], "name": "SCV"}, {"synsets": ["SCV.n.01"], "h": 28, "w": 28, "x": 491, "y": 83, "object_id": 324, "merged_object_ids": [], "names": ["SCV"], "name": "SCV"}, {"synsets": ["REFINERY.n.01"], "h": 91, "w": 91, "x": 126, "y": 237, "object_id": 325, "merged_object_ids": [], "names": ["REFINERY"], "name": "REFINERY"}, {"synsets": ["LABMINERALFIELD750.n.01"], "h": 64, "w": 64, "x": 356, "y": 26, "object_id": 326, "merged_object_ids": [], "names": ["LABMINERALFIELD750"], "name": "LABMINERALFIELD750"}, {"synsets": ["LABMINERALFIELD.n.01"], "h": 64, "w": 64, "x": 156, "y": 183, "object_id": 327, "merged_object_ids": [], "names": ["LABMINERALFIELD"], "name": "LABMINERALFIELD"}, {"synsets": ["COMMANDCENTER.n.01"], "h": 142, "w": 142, "x": 334, "y": 144, "object_id": 328, "merged_object_ids": [], "names": ["COMMANDCENTER"], "name": "COMMANDCENTER"}], "image_url": null}, {"image_id": 16, "objects": [{"synsets": ["SCV.n.01"], "h": 28, "w": 28, "x": 428, "y": 258, "object_id": 329, "merged_object_ids": [], "names": ["SCV"], "name": "SCV"}, {"synsets": ["FACTORY.n.01"], "h": 97, "w": 97, "x": 356, "y": 167, "object_id": 330, "merged_object_ids": [], "names": ["FACTORY"], "name": "FACTORY"}, {"synsets": ["REFINERY.n.01"], "h": 91, "w": 91, "x": 26, "y": -99, "object_id": 331, "merged_object_ids": [], "names": ["REFINERY"], "name": "REFINERY"}, {"synsets": ["UNBUILDABLEPLATESDESTRUCTIBLE.n.01"], "h": 64, "w": 64, "x": 123, "y": 284, "object_id": 332, "merged_object_ids": [], "names": ["UNBUILDABLEPLATESDESTRUCTIBLE"], "name": "UNBUILDABLEPLATESDESTRUCTIBLE"}, {"synsets": ["SCV.n.01"], "h": 28, "w": 28, "x": 428, "y": 176, "object_id": 333, "merged_object_ids": [], "names": ["SCV"], "name": "SCV"}, {"synsets": ["PROBE.n.01"], "h": 28, "w": 28, "x": 281, "y": 308, "object_id": 334, "merged_object_ids": [], "names": ["PROBE"], "name": "PROBE"}, {"synsets": ["SUPPLYDEPOT.n.01"], "h": 70, "w": 70, "x": 386, "y": 237, "object_id": 335, "merged_object_ids": [], "names": ["SUPPLYDEPOT"], "name": "SUPPLYDEPOT"}, {"synsets": ["LABMINERALFIELD750.n.01"], "h": 64, "w": 64, "x": 56, "y": -242, "object_id": 336, "merged_object_ids": [], "names": ["LABMINERALFIELD750"], "name": "LABMINERALFIELD750"}, {"synsets": ["LABMINERALFIELD750.n.01"], "h": 64, "w": 64, "x": 23, "y": -175, "object_id": 337, "merged_object_ids": [], "names": ["LABMINERALFIELD750"], "name": "LABMINERALFIELD750"}, {"synsets": ["SUPPLYDEPOT.n.01"], "h": 70, "w": 70, "x": 286, "y": 169, "object_id": 338, "merged_object_ids": [], "names": ["SUPPLYDEPOT"], "name": "SUPPLYDEPOT"}, {"synsets": ["LABMINERALFIELD750.n.01"], "h": 64, "w": 64, "x": 256, "y": -310, "object_id": 339, "merged_object_ids": [], "names": ["LABMINERALFIELD750"], "name": "LABMINERALFIELD750"}, {"synsets": ["SPACEPLATFORMGEYSER.n.01"], "h": 82, "w": 82, "x": 30, "y": -94, "object_id": 340, "merged_object_ids": [], "names": ["SPACEPLATFORMGEYSER"], "name": "SPACEPLATFORMGEYSER"}], "image_url": null}, {"image_id": 17, "objects": [{"synsets": ["LABMINERALFIELD.n.01"], "h": 64, "w": 64, "x": 156, "y": 138, "object_id": 341, "merged_object_ids": [], "names": ["LABMINERALFIELD"], "name": "LABMINERALFIELD"}, {"synsets": ["FACTORY.n.01"], "h": 97, "w": 97, "x": 456, "y": 504, "object_id": 342, "merged_object_ids": [], "names": ["FACTORY"], "name": "FACTORY"}, {"synsets": ["SCV.n.01"], "h": 28, "w": 28, "x": 219, "y": 166, "object_id": 343, "merged_object_ids": [], "names": ["SCV"], "name": "SCV"}, {"synsets": ["SPACEPLATFORMGEYSER.n.01"], "h": 82, "w": 82, "x": 497, "y": 17, "object_id": 344, "merged_object_ids": [], "names": ["SPACEPLATFORMGEYSER"], "name": "SPACEPLATFORMGEYSER"}, {"synsets": ["SCV.n.01"], "h": 28, "w": 28, "x": 220, "y": 202, "object_id": 345, "merged_object_ids": [], "names": ["SCV"], "name": "SCV"}, {"synsets": ["SCV.n.01"], "h": 28, "w": 28, "x": 264, "y": 85, "object_id": 346, "merged_object_ids": [], "names": ["SCV"], "name": "SCV"}, {"synsets": ["LABMINERALFIELD750.n.01"], "h": 64, "w": 64, "x": 123, "y": 161, "object_id": 347, "merged_object_ids": [], "names": ["LABMINERALFIELD750"], "name": "LABMINERALFIELD750"}, {"synsets": ["SCV.n.01"], "h": 28, "w": 28, "x": 228, "y": 201, "object_id": 348, "merged_object_ids": [], "names": ["SCV"], "name": "SCV"}, {"synsets": ["LABMINERALFIELD750.n.01"], "h": 64, "w": 64, "x": 189, "y": 71, "object_id": 349, "merged_object_ids": [], "names": ["LABMINERALFIELD750"], "name": "LABMINERALFIELD750"}, {"synsets": ["SCV.n.01"], "h": 28, "w": 28, "x": 361, "y": 64, "object_id": 350, "merged_object_ids": [], "names": ["SCV"], "name": "SCV"}, {"synsets": ["REFINERY.n.01"], "h": 91, "w": 91, "x": 126, "y": 237, "object_id": 351, "merged_object_ids": [], "names": ["REFINERY"], "name": "REFINERY"}, {"synsets": ["SPACEPLATFORMGEYSER.n.01"], "h": 82, "w": 82, "x": 130, "y": 242, "object_id": 352, "merged_object_ids": [], "names": ["SPACEPLATFORMGEYSER"], "name": "SPACEPLATFORMGEYSER"}, {"synsets": ["LABMINERALFIELD.n.01"], "h": 64, "w": 64, "x": 156, "y": 183, "object_id": 353, "merged_object_ids": [], "names": ["LABMINERALFIELD"], "name": "LABMINERALFIELD"}, {"synsets": ["REFINERY.n.01"], "h": 91, "w": 91, "x": 492, "y": 13, "object_id": 354, "merged_object_ids": [], "names": ["REFINERY"], "name": "REFINERY"}, {"synsets": ["LABMINERALFIELD.n.01"], "h": 64, "w": 64, "x": 389, "y": 49, "object_id": 355, "merged_object_ids": [], "names": ["LABMINERALFIELD"], "name": "LABMINERALFIELD"}, {"synsets": ["LABMINERALFIELD750.n.01"], "h": 64, "w": 64, "x": 356, "y": 26, "object_id": 356, "merged_object_ids": [], "names": ["LABMINERALFIELD750"], "name": "LABMINERALFIELD750"}, {"synsets": ["SCV.n.01"], "h": 28, "w": 28, "x": 319, "y": 86, "object_id": 357, "merged_object_ids": [], "names": ["SCV"], "name": "SCV"}, {"synsets": ["LABMINERALFIELD.n.01"], "h": 64, "w": 64, "x": 289, "y": 49, "object_id": 358, "merged_object_ids": [], "names": ["LABMINERALFIELD"], "name": "LABMINERALFIELD"}, {"synsets": ["LABMINERALFIELD750.n.01"], "h": 64, "w": 64, "x": 156, "y": 94, "object_id": 359, "merged_object_ids": [], "names": ["LABMINERALFIELD750"], "name": "LABMINERALFIELD750"}, {"synsets": ["SCV.n.01"], "h": 28, "w": 28, "x": 405, "y": 86, "object_id": 360, "merged_object_ids": [], "names": ["SCV"], "name": "SCV"}, {"synsets": ["SCV.n.01"], "h": 28, "w": 28, "x": 239, "y": 119, "object_id": 361, "merged_object_ids": [], "names": ["SCV"], "name": "SCV"}, {"synsets": ["SCV.n.01"], "h": 28, "w": 28, "x": 402, "y": 108, "object_id": 362, "merged_object_ids": [], "names": ["SCV"], "name": "SCV"}, {"synsets": ["SCV.n.01"], "h": 28, "w": 28, "x": 239, "y": 108, "object_id": 363, "merged_object_ids": [], "names": ["SCV"], "name": "SCV"}, {"synsets": ["SCV.n.01"], "h": 28, "w": 28, "x": 290, "y": 181, "object_id": 364, "merged_object_ids": [], "names": ["SCV"], "name": "SCV"}, {"synsets": ["SCV.n.01"], "h": 28, "w": 28, "x": 476, "y": 100, "object_id": 365, "merged_object_ids": [], "names": ["SCV"], "name": "SCV"}, {"synsets": ["SCV.n.01"], "h": 28, "w": 28, "x": 350, "y": 137, "object_id": 366, "merged_object_ids": [], "names": ["SCV"], "name": "SCV"}, {"synsets": ["MULE.n.01"], "h": 28, "w": 28, "x": 404, "y": 89, "object_id": 367, "merged_object_ids": [], "names": ["MULE"], "name": "MULE"}, {"synsets": ["ORBITALCOMMAND.n.01"], "h": 142, "w": 142, "x": 334, "y": 144, "object_id": 368, "merged_object_ids": [], "names": ["ORBITALCOMMAND"], "name": "ORBITALCOMMAND"}, {"synsets": ["SCV.n.01"], "h": 28, "w": 28, "x": 186, "y": 182, "object_id": 369, "merged_object_ids": [], "names": ["SCV"], "name": "SCV"}], "image_url": null}, {"image_id": 18, "objects": [{"synsets": ["REFINERY.n.01"], "h": 91, "w": 91, "x": 492, "y": 13, "object_id": 370, "merged_object_ids": [], "names": ["REFINERY"], "name": "REFINERY"}, {"synsets": ["LABMINERALFIELD.n.01"], "h": 64, "w": 64, "x": 156, "y": 183, "object_id": 371, "merged_object_ids": [], "names": ["LABMINERALFIELD"], "name": "LABMINERALFIELD"}, {"synsets": ["SCV.n.01"], "h": 28, "w": 28, "x": 220, "y": 201, "object_id": 372, "merged_object_ids": [], "names": ["SCV"], "name": "SCV"}, {"synsets": ["SCV.n.01"], "h": 28, "w": 28, "x": 236, "y": 108, "object_id": 373, "merged_object_ids": [], "names": ["SCV"], "name": "SCV"}, {"synsets": ["SCV.n.01"], "h": 28, "w": 28, "x": 361, "y": 64, "object_id": 374, "merged_object_ids": [], "names": ["SCV"], "name": "SCV"}, {"synsets": ["SCV.n.01"], "h": 28, "w": 28, "x": 219, "y": 166, "object_id": 375, "merged_object_ids": [], "names": ["SCV"], "name": "SCV"}, {"synsets": ["REFINERY.n.01"], "h": 91, "w": 91, "x": 126, "y": 237, "object_id": 376, "merged_object_ids": [], "names": ["REFINERY"], "name": "REFINERY"}, {"synsets": ["SCV.n.01"], "h": 28, "w": 28, "x": 288, "y": 180, "object_id": 377, "merged_object_ids": [], "names": ["SCV"], "name": "SCV"}, {"synsets": ["SCV.n.01"], "h": 28, "w": 28, "x": 341, "y": 122, "object_id": 378, "merged_object_ids": [], "names": ["SCV"], "name": "SCV"}, {"synsets": ["SCV.n.01"], "h": 28, "w": 28, "x": 319, "y": 86, "object_id": 379, "merged_object_ids": [], "names": ["SCV"], "name": "SCV"}, {"synsets": ["SCV.n.01"], "h": 28, "w": 28, "x": 284, "y": 136, "object_id": 380, "merged_object_ids": [], "names": ["SCV"], "name": "SCV"}, {"synsets": ["LABMINERALFIELD750.n.01"], "h": 64, "w": 64, "x": 123, "y": 161, "object_id": 381, "merged_object_ids": [], "names": ["LABMINERALFIELD750"], "name": "LABMINERALFIELD750"}, {"synsets": ["LABMINERALFIELD.n.01"], "h": 64, "w": 64, "x": 389, "y": 49, "object_id": 382, "merged_object_ids": [], "names": ["LABMINERALFIELD"], "name": "LABMINERALFIELD"}, {"synsets": ["SCV.n.01"], "h": 28, "w": 28, "x": 400, "y": 123, "object_id": 383, "merged_object_ids": [], "names": ["SCV"], "name": "SCV"}, {"synsets": ["LABMINERALFIELD750.n.01"], "h": 64, "w": 64, "x": 156, "y": 94, "object_id": 384, "merged_object_ids": [], "names": ["LABMINERALFIELD750"], "name": "LABMINERALFIELD750"}, {"synsets": ["FACTORY.n.01"], "h": 97, "w": 97, "x": 456, "y": 504, "object_id": 385, "merged_object_ids": [], "names": ["FACTORY"], "name": "FACTORY"}, {"synsets": ["LABMINERALFIELD750.n.01"], "h": 64, "w": 64, "x": 356, "y": 26, "object_id": 386, "merged_object_ids": [], "names": ["LABMINERALFIELD750"], "name": "LABMINERALFIELD750"}, {"synsets": ["LABMINERALFIELD.n.01"], "h": 64, "w": 64, "x": 289, "y": 49, "object_id": 387, "merged_object_ids": [], "names": ["LABMINERALFIELD"], "name": "LABMINERALFIELD"}, {"synsets": ["SCV.n.01"], "h": 28, "w": 28, "x": 461, "y": 118, "object_id": 388, "merged_object_ids": [], "names": ["SCV"], "name": "SCV"}, {"synsets": ["MULE.n.01"], "h": 28, "w": 28, "x": 403, "y": 97, "object_id": 389, "merged_object_ids": [], "names": ["MULE"], "name": "MULE"}, {"synsets": ["LABMINERALFIELD750.n.01"], "h": 64, "w": 64, "x": 189, "y": 71, "object_id": 390, "merged_object_ids": [], "names": ["LABMINERALFIELD750"], "name": "LABMINERALFIELD750"}, {"synsets": ["SCV.n.01"], "h": 28, "w": 28, "x": 219, "y": 202, "object_id": 391, "merged_object_ids": [], "names": ["SCV"], "name": "SCV"}, {"synsets": ["SPACEPLATFORMGEYSER.n.01"], "h": 82, "w": 82, "x": 130, "y": 242, "object_id": 392, "merged_object_ids": [], "names": ["SPACEPLATFORMGEYSER"], "name": "SPACEPLATFORMGEYSER"}, {"synsets": ["LABMINERALFIELD.n.01"], "h": 64, "w": 64, "x": 156, "y": 138, "object_id": 393, "merged_object_ids": [], "names": ["LABMINERALFIELD"], "name": "LABMINERALFIELD"}, {"synsets": ["SCV.n.01"], "h": 28, "w": 28, "x": 219, "y": 122, "object_id": 394, "merged_object_ids": [], "names": ["SCV"], "name": "SCV"}, {"synsets": ["SCV.n.01"], "h": 28, "w": 28, "x": 241, "y": 244, "object_id": 395, "merged_object_ids": [], "names": ["SCV"], "name": "SCV"}, {"synsets": ["SCV.n.01"], "h": 28, "w": 28, "x": 186, "y": 182, "object_id": 396, "merged_object_ids": [], "names": ["SCV"], "name": "SCV"}, {"synsets": ["ORBITALCOMMAND.n.01"], "h": 142, "w": 142, "x": 334, "y": 144, "object_id": 397, "merged_object_ids": [], "names": ["ORBITALCOMMAND"], "name": "ORBITALCOMMAND"}, {"synsets": ["SCV.n.01"], "h": 28, "w": 28, "x": 405, "y": 86, "object_id": 398, "merged_object_ids": [], "names": ["SCV"], "name": "SCV"}, {"synsets": ["SPACEPLATFORMGEYSER.n.01"], "h": 82, "w": 82, "x": 497, "y": 17, "object_id": 399, "merged_object_ids": [], "names": ["SPACEPLATFORMGEYSER"], "name": "SPACEPLATFORMGEYSER"}], "image_url": null}, {"image_id": 19, "objects": [{"synsets": ["LABMINERALFIELD.n.01"], "h": 64, "w": 64, "x": 289, "y": 49, "object_id": 400, "merged_object_ids": [], "names": ["LABMINERALFIELD"], "name": "LABMINERALFIELD"}, {"synsets": ["SCV.n.01"], "h": 28, "w": 28, "x": 256, "y": 173, "object_id": 401, "merged_object_ids": [], "names": ["SCV"], "name": "SCV"}, {"synsets": ["SCV.n.01"], "h": 28, "w": 28, "x": 229, "y": 202, "object_id": 402, "merged_object_ids": [], "names": ["SCV"], "name": "SCV"}, {"synsets": ["SCV.n.01"], "h": 28, "w": 28, "x": 319, "y": 86, "object_id": 403, "merged_object_ids": [], "names": ["SCV"], "name": "SCV"}, {"synsets": ["SCV.n.01"], "h": 28, "w": 28, "x": 219, "y": 166, "object_id": 404, "merged_object_ids": [], "names": ["SCV"], "name": "SCV"}, {"synsets": ["SPACEPLATFORMGEYSER.n.01"], "h": 82, "w": 82, "x": 130, "y": 242, "object_id": 405, "merged_object_ids": [], "names": ["SPACEPLATFORMGEYSER"], "name": "SPACEPLATFORMGEYSER"}, {"synsets": ["SCV.n.01"], "h": 28, "w": 28, "x": 399, "y": 133, "object_id": 406, "merged_object_ids": [], "names": ["SCV"], "name": "SCV"}, {"synsets": ["LABMINERALFIELD750.n.01"], "h": 64, "w": 64, "x": 123, "y": 161, "object_id": 407, "merged_object_ids": [], "names": ["LABMINERALFIELD750"], "name": "LABMINERALFIELD750"}, {"synsets": ["FACTORY.n.01"], "h": 97, "w": 97, "x": 456, "y": 504, "object_id": 408, "merged_object_ids": [], "names": ["FACTORY"], "name": "FACTORY"}, {"synsets": ["LABMINERALFIELD750.n.01"], "h": 64, "w": 64, "x": 189, "y": 71, "object_id": 409, "merged_object_ids": [], "names": ["LABMINERALFIELD750"], "name": "LABMINERALFIELD750"}, {"synsets": ["LABMINERALFIELD.n.01"], "h": 64, "w": 64, "x": 156, "y": 138, "object_id": 410, "merged_object_ids": [], "names": ["LABMINERALFIELD"], "name": "LABMINERALFIELD"}, {"synsets": ["SCV.n.01"], "h": 28, "w": 28, "x": 447, "y": 135, "object_id": 411, "merged_object_ids": [], "names": ["SCV"], "name": "SCV"}, {"synsets": ["REFINERY.n.01"], "h": 91, "w": 91, "x": 126, "y": 237, "object_id": 412, "merged_object_ids": [], "names": ["REFINERY"], "name": "REFINERY"}, {"synsets": ["REFINERY.n.01"], "h": 91, "w": 91, "x": 492, "y": 13, "object_id": 413, "merged_object_ids": [], "names": ["REFINERY"], "name": "REFINERY"}, {"synsets": ["ORBITALCOMMAND.n.01"], "h": 142, "w": 142, "x": 334, "y": 144, "object_id": 414, "merged_object_ids": [], "names": ["ORBITALCOMMAND"], "name": "ORBITALCOMMAND"}, {"synsets": ["SCV.n.01"], "h": 28, "w": 28, "x": 361, "y": 67, "object_id": 415, "merged_object_ids": [], "names": ["SCV"], "name": "SCV"}, {"synsets": ["SCV.n.01"], "h": 28, "w": 28, "x": 405, "y": 86, "object_id": 416, "merged_object_ids": [], "names": ["SCV"], "name": "SCV"}, {"synsets": ["SCV.n.01"], "h": 28, "w": 28, "x": 239, "y": 109, "object_id": 417, "merged_object_ids": [], "names": ["SCV"], "name": "SCV"}, {"synsets": ["SCV.n.01"], "h": 28, "w": 28, "x": 217, "y": 128, "object_id": 418, "merged_object_ids": [], "names": ["SCV"], "name": "SCV"}, {"synsets": ["MULE.n.01"], "h": 28, "w": 28, "x": 399, "y": 135, "object_id": 419, "merged_object_ids": [], "names": ["MULE"], "name": "MULE"}, {"synsets": ["SCV.n.01"], "h": 28, "w": 28, "x": 290, "y": 231, "object_id": 420, "merged_object_ids": [], "names": ["SCV"], "name": "SCV"}, {"synsets": ["SCV.n.01"], "h": 28, "w": 28, "x": 186, "y": 182, "object_id": 421, "merged_object_ids": [], "names": ["SCV"], "name": "SCV"}, {"synsets": ["SCV.n.01"], "h": 28, "w": 28, "x": 219, "y": 201, "object_id": 422, "merged_object_ids": [], "names": ["SCV"], "name": "SCV"}, {"synsets": ["LABMINERALFIELD.n.01"], "h": 64, "w": 64, "x": 389, "y": 49, "object_id": 423, "merged_object_ids": [], "names": ["LABMINERALFIELD"], "name": "LABMINERALFIELD"}, {"synsets": ["LABMINERALFIELD750.n.01"], "h": 64, "w": 64, "x": 356, "y": 26, "object_id": 424, "merged_object_ids": [], "names": ["LABMINERALFIELD750"], "name": "LABMINERALFIELD750"}, {"synsets": ["SCV.n.01"], "h": 28, "w": 28, "x": 328, "y": 101, "object_id": 425, "merged_object_ids": [], "names": ["SCV"], "name": "SCV"}, {"synsets": ["LABMINERALFIELD.n.01"], "h": 64, "w": 64, "x": 156, "y": 183, "object_id": 426, "merged_object_ids": [], "names": ["LABMINERALFIELD"], "name": "LABMINERALFIELD"}, {"synsets": ["SPACEPLATFORMGEYSER.n.01"], "h": 82, "w": 82, "x": 497, "y": 17, "object_id": 427, "merged_object_ids": [], "names": ["SPACEPLATFORMGEYSER"], "name": "SPACEPLATFORMGEYSER"}, {"synsets": ["LABMINERALFIELD750.n.01"], "h": 64, "w": 64, "x": 156, "y": 94, "object_id": 428, "merged_object_ids": [], "names": ["LABMINERALFIELD750"], "name": "LABMINERALFIELD750"}, {"synsets": ["SCV.n.01"], "h": 28, "w": 28, "x": 311, "y": 153, "object_id": 429, "merged_object_ids": [], "names": ["SCV"], "name": "SCV"}], "image_url": null}, {"image_id": 20, "objects": [{"synsets": ["REFINERY.n.01"], "h": 91, "w": 91, "x": 26, "y": -99, "object_id": 430, "merged_object_ids": [], "names": ["REFINERY"], "name": "REFINERY"}, {"synsets": ["LABMINERALFIELD750.n.01"], "h": 64, "w": 64, "x": 256, "y": -310, "object_id": 431, "merged_object_ids": [], "names": ["LABMINERALFIELD750"], "name": "LABMINERALFIELD750"}, {"synsets": ["FACTORY.n.01"], "h": 97, "w": 97, "x": 356, "y": 167, "object_id": 432, "merged_object_ids": [], "names": ["FACTORY"], "name": "FACTORY"}, {"synsets": ["SUPPLYDEPOT.n.01"], "h": 70, "w": 70, "x": 386, "y": 237, "object_id": 433, "merged_object_ids": [], "names": ["SUPPLYDEPOT"], "name": "SUPPLYDEPOT"}, {"synsets": ["SPACEPLATFORMGEYSER.n.01"], "h": 82, "w": 82, "x": 30, "y": -94, "object_id": 434, "merged_object_ids": [], "names": ["SPACEPLATFORMGEYSER"], "name": "SPACEPLATFORMGEYSER"}, {"synsets": ["LABMINERALFIELD750.n.01"], "h": 64, "w": 64, "x": 23, "y": -175, "object_id": 435, "merged_object_ids": [], "names": ["LABMINERALFIELD750"], "name": "LABMINERALFIELD750"}, {"synsets": ["LABMINERALFIELD750.n.01"], "h": 64, "w": 64, "x": 723, "y": 296, "object_id": 436, "merged_object_ids": [], "names": ["LABMINERALFIELD750"], "name": "LABMINERALFIELD750"}, {"synsets": ["SCV.n.01"], "h": 28, "w": 28, "x": 451, "y": 172, "object_id": 437, "merged_object_ids": [], "names": ["SCV"], "name": "SCV"}, {"synsets": ["UNBUILDABLEPLATESDESTRUCTIBLE.n.01"], "h": 64, "w": 64, "x": 123, "y": 284, "object_id": 438, "merged_object_ids": [], "names": ["UNBUILDABLEPLATESDESTRUCTIBLE"], "name": "UNBUILDABLEPLATESDESTRUCTIBLE"}, {"synsets": ["SCV.n.01"], "h": 28, "w": 28, "x": 353, "y": 176, "object_id": 439, "merged_object_ids": [], "names": ["SCV"], "name": "SCV"}, {"synsets": ["SUPPLYDEPOTLOWERED.n.01"], "h": 70, "w": 70, "x": 286, "y": 169, "object_id": 440, "merged_object_ids": [], "names": ["SUPPLYDEPOTLOWERED"], "name": "SUPPLYDEPOTLOWERED"}, {"synsets": ["LABMINERALFIELD750.n.01"], "h": 64, "w": 64, "x": 56, "y": -242, "object_id": 441, "merged_object_ids": [], "names": ["LABMINERALFIELD750"], "name": "LABMINERALFIELD750"}], "image_url": null}]